Tm,W,L,W-L%,GB,Season
New York Yankees,87,74,.540,--,2000
Boston Red Sox,85,77,.525,2.5,2000
Toronto Blue Jays,83,79,.512,4.5,2000
Baltimore Orioles,74,88,.457,13.5,2000
Tampa Bay Devil Rays,69,92,.429,18.0,2000
Chicago White Sox,95,67,.586,--,2000
Cleveland Indians,90,72,.556,5.0,2000
Detroit Tigers,79,83,.488,16.0,2000
Kansas City Royals,77,85,.475,18.0,2000
Minnesota Twins,69,93,.426,26.0,2000
Oakland Athletics,91,70,.565,--,2000
Seattle Mariners,91,71,.562,0.5,2000
Anaheim Angels,82,80,.506,9.5,2000
Texas Rangers,71,91,.438,20.5,2000
Atlanta Braves,95,67,.586,--,2000
New York Mets,94,68,.580,1.0,2000
Florida Marlins,79,82,.491,15.5,2000
Montreal Expos,67,95,.414,28.0,2000
Philadelphia Phillies,65,97,.401,30.0,2000
St. Louis Cardinals,95,67,.586,--,2000
Cincinnati Reds,85,77,.525,10.0,2000
Milwaukee Brewers,73,89,.451,22.0,2000
Houston Astros,72,90,.444,23.0,2000
Pittsburgh Pirates,69,93,.426,26.0,2000
Chicago Cubs,65,97,.401,30.0,2000
San Francisco Giants,97,65,.599,--,2000
Los Angeles Dodgers,86,76,.531,11.0,2000
Arizona Diamondbacks,85,77,.525,12.0,2000
Colorado Rockies,82,80,.506,15.0,2000
San Diego Padres,76,86,.469,21.0,2000
New York Yankees,95,65,.594,--,2001
Boston Red Sox,82,79,.509,13.5,2001
Toronto Blue Jays,80,82,.494,16.0,2001
Baltimore Orioles,63,98,.391,32.5,2001
Tampa Bay Devil Rays,62,100,.383,34.0,2001
Cleveland Indians,91,71,.562,--,2001
Minnesota Twins,85,77,.525,6.0,2001
Chicago White Sox,83,79,.512,8.0,2001
Detroit Tigers,66,96,.407,25.0,2001
Kansas City Royals,65,97,.401,26.0,2001
Seattle Mariners,116,46,.716,--,2001
Oakland Athletics,102,60,.630,14.0,2001
Anaheim Angels,75,87,.463,41.0,2001
Texas Rangers,73,89,.451,43.0,2001
Atlanta Braves,88,74,.543,--,2001
Philadelphia Phillies,86,76,.531,2.0,2001
New York Mets,82,80,.506,6.0,2001
Florida Marlins,76,86,.469,12.0,2001
Montreal Expos,68,94,.420,20.0,2001
Houston Astros,93,69,.574,--,2001
St. Louis Cardinals,93,69,.574,--,2001
Chicago Cubs,88,74,.543,5.0,2001
Milwaukee Brewers,68,94,.420,25.0,2001
Cincinnati Reds,66,96,.407,27.0,2001
Pittsburgh Pirates,62,100,.383,31.0,2001
Arizona Diamondbacks,92,70,.568,--,2001
San Francisco Giants,90,72,.556,2.0,2001
Los Angeles Dodgers,86,76,.531,6.0,2001
San Diego Padres,79,83,.488,13.0,2001
Colorado Rockies,73,89,.451,19.0,2001
New York Yankees,103,58,.640,--,2002
Boston Red Sox,93,69,.574,10.5,2002
Toronto Blue Jays,78,84,.481,25.5,2002
Baltimore Orioles,67,95,.414,36.5,2002
Tampa Bay Devil Rays,55,106,.342,48.0,2002
Minnesota Twins,94,67,.584,--,2002
Chicago White Sox,81,81,.500,13.5,2002
Cleveland Indians,74,88,.457,20.5,2002
Kansas City Royals,62,100,.383,32.5,2002
Detroit Tigers,55,106,.342,39.0,2002
Oakland Athletics,103,59,.636,--,2002
Anaheim Angels,99,63,.611,4.0,2002
Seattle Mariners,93,69,.574,10.0,2002
Texas Rangers,72,90,.444,31.0,2002
Atlanta Braves,101,59,.631,--,2002
Montreal Expos,83,79,.512,19.0,2002
Philadelphia Phillies,80,81,.497,21.5,2002
Florida Marlins,79,83,.488,23.0,2002
New York Mets,75,86,.466,26.5,2002
St. Louis Cardinals,97,65,.599,--,2002
Houston Astros,84,78,.519,13.0,2002
Cincinnati Reds,78,84,.481,19.0,2002
Pittsburgh Pirates,72,89,.447,24.5,2002
Chicago Cubs,67,95,.414,30.0,2002
Milwaukee Brewers,56,106,.346,41.0,2002
Arizona Diamondbacks,98,64,.605,--,2002
San Francisco Giants,95,66,.590,2.5,2002
Los Angeles Dodgers,92,70,.568,6.0,2002
Colorado Rockies,73,89,.451,25.0,2002
San Diego Padres,66,96,.407,32.0,2002
New York Yankees,101,61,.623,--,2003
Boston Red Sox,95,67,.586,6.0,2003
Toronto Blue Jays,86,76,.531,15.0,2003
Baltimore Orioles,71,91,.438,30.0,2003
Tampa Bay Devil Rays,63,99,.389,38.0,2003
Minnesota Twins,90,72,.556,--,2003
Chicago White Sox,86,76,.531,4.0,2003
Kansas City Royals,83,79,.512,7.0,2003
Cleveland Indians,68,94,.420,22.0,2003
Detroit Tigers,43,119,.265,47.0,2003
Oakland Athletics,96,66,.593,--,2003
Seattle Mariners,93,69,.574,3.0,2003
Anaheim Angels,77,85,.475,19.0,2003
Texas Rangers,71,91,.438,25.0,2003
Atlanta Braves,101,61,.623,--,2003
Florida Marlins,91,71,.562,10.0,2003
Philadelphia Phillies,86,76,.531,15.0,2003
Montreal Expos,83,79,.512,18.0,2003
New York Mets,66,95,.410,34.5,2003
Chicago Cubs,88,74,.543,--,2003
Houston Astros,87,75,.537,1.0,2003
St. Louis Cardinals,85,77,.525,3.0,2003
Pittsburgh Pirates,75,87,.463,13.0,2003
Cincinnati Reds,69,93,.426,19.0,2003
Milwaukee Brewers,68,94,.420,20.0,2003
San Francisco Giants,100,61,.621,--,2003
Los Angeles Dodgers,85,77,.525,15.5,2003
Arizona Diamondbacks,84,78,.519,16.5,2003
Colorado Rockies,74,88,.457,26.5,2003
San Diego Padres,64,98,.395,36.5,2003
New York Yankees,101,61,.623,--,2004
Boston Red Sox,98,64,.605,3.0,2004
Baltimore Orioles,78,84,.481,23.0,2004
Tampa Bay Devil Rays,70,91,.435,30.5,2004
Toronto Blue Jays,67,94,.416,33.5,2004
Minnesota Twins,92,70,.568,--,2004
Chicago White Sox,83,79,.512,9.0,2004
Cleveland Indians,80,82,.494,12.0,2004
Detroit Tigers,72,90,.444,20.0,2004
Kansas City Royals,58,104,.358,34.0,2004
Anaheim Angels,92,70,.568,--,2004
Oakland Athletics,91,71,.562,1.0,2004
Texas Rangers,89,73,.549,3.0,2004
Seattle Mariners,63,99,.389,29.0,2004
Atlanta Braves,96,66,.593,--,2004
Philadelphia Phillies,86,76,.531,10.0,2004
Florida Marlins,83,79,.512,13.0,2004
New York Mets,71,91,.438,25.0,2004
Montreal Expos,67,95,.414,29.0,2004
St. Louis Cardinals,105,57,.648,--,2004
Houston Astros,92,70,.568,13.0,2004
Chicago Cubs,89,73,.549,16.0,2004
Cincinnati Reds,76,86,.469,29.0,2004
Pittsburgh Pirates,72,89,.447,32.5,2004
Milwaukee Brewers,67,94,.416,37.5,2004
Los Angeles Dodgers,93,69,.574,--,2004
San Francisco Giants,91,71,.562,2.0,2004
San Diego Padres,87,75,.537,6.0,2004
Colorado Rockies,68,94,.420,25.0,2004
Arizona Diamondbacks,51,111,.315,42.0,2004
New York Yankees,95,67,.586,--,2005
Boston Red Sox,95,67,.586,--,2005
Toronto Blue Jays,80,82,.494,15.0,2005
Baltimore Orioles,74,88,.457,21.0,2005
Tampa Bay Devil Rays,67,95,.414,28.0,2005
Chicago White Sox,99,63,.611,--,2005
Cleveland Indians,93,69,.574,6.0,2005
Minnesota Twins,83,79,.512,16.0,2005
Detroit Tigers,71,91,.438,28.0,2005
Kansas City Royals,56,106,.346,43.0,2005
Los Angeles Angels of Anaheim,95,67,.586,--,2005
Oakland Athletics,88,74,.543,7.0,2005
Texas Rangers,79,83,.488,16.0,2005
Seattle Mariners,69,93,.426,26.0,2005
Atlanta Braves,90,72,.556,--,2005
Philadelphia Phillies,88,74,.543,2.0,2005
Florida Marlins,83,79,.512,7.0,2005
New York Mets,83,79,.512,7.0,2005
Washington Nationals,81,81,.500,9.0,2005
St. Louis Cardinals,100,62,.617,--,2005
Houston Astros,89,73,.549,11.0,2005
Milwaukee Brewers,81,81,.500,19.0,2005
Chicago Cubs,79,83,.488,21.0,2005
Cincinnati Reds,73,89,.451,27.0,2005
Pittsburgh Pirates,67,95,.414,33.0,2005
San Diego Padres,82,80,.506,--,2005
Arizona Diamondbacks,77,85,.475,5.0,2005
San Francisco Giants,75,87,.463,7.0,2005
Los Angeles Dodgers,71,91,.438,11.0,2005
Colorado Rockies,67,95,.414,15.0,2005
New York Yankees,97,65,.599,--,2006
Toronto Blue Jays,87,75,.537,10.0,2006
Boston Red Sox,86,76,.531,11.0,2006
Baltimore Orioles,70,92,.432,27.0,2006
Tampa Bay Devil Rays,61,101,.377,36.0,2006
Minnesota Twins,96,66,.593,--,2006
Detroit Tigers,95,67,.586,1.0,2006
Chicago White Sox,90,72,.556,6.0,2006
Cleveland Indians,78,84,.481,18.0,2006
Kansas City Royals,62,100,.383,34.0,2006
Oakland Athletics,93,69,.574,--,2006
Los Angeles Angels of Anaheim,89,73,.549,4.0,2006
Texas Rangers,80,82,.494,13.0,2006
Seattle Mariners,78,84,.481,15.0,2006
New York Mets,97,65,.599,--,2006
Philadelphia Phillies,85,77,.525,12.0,2006
Atlanta Braves,79,83,.488,18.0,2006
Florida Marlins,78,84,.481,19.0,2006
Washington Nationals,71,91,.438,26.0,2006
St. Louis Cardinals,83,78,.516,--,2006
Houston Astros,82,80,.506,1.5,2006
Cincinnati Reds,80,82,.494,3.5,2006
Milwaukee Brewers,75,87,.463,8.5,2006
Pittsburgh Pirates,67,95,.414,16.5,2006
Chicago Cubs,66,96,.407,17.5,2006
San Diego Padres,88,74,.543,--,2006
Los Angeles Dodgers,88,74,.543,--,2006
San Francisco Giants,76,85,.472,11.5,2006
Arizona Diamondbacks,76,86,.469,12.0,2006
Colorado Rockies,76,86,.469,12.0,2006
Boston Red Sox,96,66,.593,--,2007
New York Yankees,94,68,.580,2.0,2007
Toronto Blue Jays,83,79,.512,13.0,2007
Baltimore Orioles,69,93,.426,27.0,2007
Tampa Bay Devil Rays,66,96,.407,30.0,2007
Cleveland Indians,96,66,.593,--,2007
Detroit Tigers,88,74,.543,8.0,2007
Minnesota Twins,79,83,.488,17.0,2007
Chicago White Sox,72,90,.444,24.0,2007
Kansas City Royals,69,93,.426,27.0,2007
Los Angeles Angels of Anaheim,94,68,.580,--,2007
Seattle Mariners,88,74,.543,6.0,2007
Oakland Athletics,76,86,.469,18.0,2007
Texas Rangers,75,87,.463,19.0,2007
Philadelphia Phillies,89,73,.549,--,2007
New York Mets,88,74,.543,1.0,2007
Atlanta Braves,84,78,.519,5.0,2007
Washington Nationals,73,89,.451,16.0,2007
Florida Marlins,71,91,.438,18.0,2007
Chicago Cubs,85,77,.525,--,2007
Milwaukee Brewers,83,79,.512,2.0,2007
St. Louis Cardinals,78,84,.481,7.0,2007
Houston Astros,73,89,.451,12.0,2007
Cincinnati Reds,72,90,.444,13.0,2007
Pittsburgh Pirates,68,94,.420,17.0,2007
Arizona Diamondbacks,90,72,.556,--,2007
Colorado Rockies,90,73,.552,0.5,2007
San Diego Padres,89,74,.546,1.5,2007
Los Angeles Dodgers,82,80,.506,8.0,2007
San Francisco Giants,71,91,.438,19.0,2007
Tampa Bay Rays,97,65,.599,--,2008
Boston Red Sox,95,67,.586,2.0,2008
New York Yankees,89,73,.549,8.0,2008
Toronto Blue Jays,86,76,.531,11.0,2008
Baltimore Orioles,68,93,.422,28.5,2008
Chicago White Sox,89,74,.546,--,2008
Minnesota Twins,88,75,.540,1.0,2008
Cleveland Indians,81,81,.500,7.5,2008
Kansas City Royals,75,87,.463,13.5,2008
Detroit Tigers,74,88,.457,14.5,2008
Los Angeles Angels of Anaheim,100,62,.617,--,2008
Texas Rangers,79,83,.488,21.0,2008
Oakland Athletics,75,86,.466,24.5,2008
Seattle Mariners,61,101,.377,39.0,2008
Philadelphia Phillies,92,70,.568,--,2008
New York Mets,89,73,.549,3.0,2008
Florida Marlins,84,77,.522,7.5,2008
Atlanta Braves,72,90,.444,20.0,2008
Washington Nationals,59,102,.366,32.5,2008
Chicago Cubs,97,64,.602,--,2008
Milwaukee Brewers,90,72,.556,7.5,2008
Houston Astros,86,75,.534,11.0,2008
St. Louis Cardinals,86,76,.531,11.5,2008
Cincinnati Reds,74,88,.457,23.5,2008
Pittsburgh Pirates,67,95,.414,30.5,2008
Los Angeles Dodgers,84,78,.519,--,2008
Arizona Diamondbacks,82,80,.506,2.0,2008
Colorado Rockies,74,88,.457,10.0,2008
San Francisco Giants,72,90,.444,12.0,2008
San Diego Padres,63,99,.389,21.0,2008
New York Yankees,103,59,.636,--,2009
Boston Red Sox,95,67,.586,8.0,2009
Tampa Bay Rays,84,78,.519,19.0,2009
Toronto Blue Jays,75,87,.463,28.0,2009
Baltimore Orioles,64,98,.395,39.0,2009
Minnesota Twins,87,76,.534,--,2009
Detroit Tigers,86,77,.528,1.0,2009
Chicago White Sox,79,83,.488,7.5,2009
Cleveland Indians,65,97,.401,21.5,2009
Kansas City Royals,65,97,.401,21.5,2009
Los Angeles Angels of Anaheim,97,65,.599,--,2009
Texas Rangers,87,75,.537,10.0,2009
Seattle Mariners,85,77,.525,12.0,2009
Oakland Athletics,75,87,.463,22.0,2009
Philadelphia Phillies,93,69,.574,--,2009
Florida Marlins,87,75,.537,6.0,2009
Atlanta Braves,86,76,.531,7.0,2009
New York Mets,70,92,.432,23.0,2009
Washington Nationals,59,103,.364,34.0,2009
St. Louis Cardinals,91,71,.562,--,2009
Chicago Cubs,83,78,.516,7.5,2009
Milwaukee Brewers,80,82,.494,11.0,2009
Cincinnati Reds,78,84,.481,13.0,2009
Houston Astros,74,88,.457,17.0,2009
Pittsburgh Pirates,62,99,.385,28.5,2009
Los Angeles Dodgers,95,67,.586,--,2009
Colorado Rockies,92,70,.568,3.0,2009
San Francisco Giants,88,74,.543,7.0,2009
San Diego Padres,75,87,.463,20.0,2009
Arizona Diamondbacks,70,92,.432,25.0,2009
Tampa Bay Rays,96,66,.593,--,2010
New York Yankees,95,67,.586,1.0,2010
Boston Red Sox,89,73,.549,7.0,2010
Toronto Blue Jays,85,77,.525,11.0,2010
Baltimore Orioles,66,96,.407,30.0,2010
Minnesota Twins,94,68,.580,--,2010
Chicago White Sox,88,74,.543,6.0,2010
Detroit Tigers,81,81,.500,13.0,2010
Cleveland Indians,69,93,.426,25.0,2010
Kansas City Royals,67,95,.414,27.0,2010
Texas Rangers,90,72,.556,--,2010
Oakland Athletics,81,81,.500,9.0,2010
Los Angeles Angels of Anaheim,80,82,.494,10.0,2010
Seattle Mariners,61,101,.377,29.0,2010
Philadelphia Phillies,97,65,.599,--,2010
Atlanta Braves,91,71,.562,6.0,2010
Florida Marlins,80,82,.494,17.0,2010
New York Mets,79,83,.488,18.0,2010
Washington Nationals,69,93,.426,28.0,2010
Cincinnati Reds,91,71,.562,--,2010
St. Louis Cardinals,86,76,.531,5.0,2010
Milwaukee Brewers,77,85,.475,14.0,2010
Houston Astros,76,86,.469,15.0,2010
Chicago Cubs,75,87,.463,16.0,2010
Pittsburgh Pirates,57,105,.352,34.0,2010
San Francisco Giants,92,70,.568,--,2010
San Diego Padres,90,72,.556,2.0,2010
Colorado Rockies,83,79,.512,9.0,2010
Los Angeles Dodgers,80,82,.494,12.0,2010
Arizona Diamondbacks,65,97,.401,27.0,2010
New York Yankees,97,65,.599,--,2011
Tampa Bay Rays,91,71,.562,6.0,2011
Boston Red Sox,90,72,.556,7.0,2011
Toronto Blue Jays,81,81,.500,16.0,2011
Baltimore Orioles,69,93,.426,28.0,2011
Detroit Tigers,95,67,.586,--,2011
Cleveland Indians,80,82,.494,15.0,2011
Chicago White Sox,79,83,.488,16.0,2011
Kansas City Royals,71,91,.438,24.0,2011
Minnesota Twins,63,99,.389,32.0,2011
Texas Rangers,96,66,.593,--,2011
Los Angeles Angels of Anaheim,86,76,.531,10.0,2011
Oakland Athletics,74,88,.457,22.0,2011
Seattle Mariners,67,95,.414,29.0,2011
Philadelphia Phillies,102,60,.630,--,2011
Atlanta Braves,89,73,.549,13.0,2011
Washington Nationals,80,81,.497,21.5,2011
New York Mets,77,85,.475,25.0,2011
Florida Marlins,72,90,.444,30.0,2011
Milwaukee Brewers,96,66,.593,--,2011
St. Louis Cardinals,90,72,.556,6.0,2011
Cincinnati Reds,79,83,.488,17.0,2011
Pittsburgh Pirates,72,90,.444,24.0,2011
Chicago Cubs,71,91,.438,25.0,2011
Houston Astros,56,106,.346,40.0,2011
Arizona Diamondbacks,94,68,.580,--,2011
San Francisco Giants,86,76,.531,8.0,2011
Los Angeles Dodgers,82,79,.509,11.5,2011
Colorado Rockies,73,89,.451,21.0,2011
San Diego Padres,71,91,.438,23.0,2011
New York Yankees,95,67,.586,--,2012
Baltimore Orioles,93,69,.574,2.0,2012
Tampa Bay Rays,90,72,.556,5.0,2012
Toronto Blue Jays,73,89,.451,22.0,2012
Boston Red Sox,69,93,.426,26.0,2012
Detroit Tigers,88,74,.543,--,2012
Chicago White Sox,85,77,.525,3.0,2012
Kansas City Royals,72,90,.444,16.0,2012
Cleveland Indians,68,94,.420,20.0,2012
Minnesota Twins,66,96,.407,22.0,2012
Oakland Athletics,94,68,.580,--,2012
Texas Rangers,93,69,.574,1.0,2012
Los Angeles Angels of Anaheim,89,73,.549,5.0,2012
Seattle Mariners,75,87,.463,19.0,2012
Washington Nationals,98,64,.605,--,2012
Atlanta Braves,94,68,.580,4.0,2012
Philadelphia Phillies,81,81,.500,17.0,2012
New York Mets,74,88,.457,24.0,2012
Miami Marlins,69,93,.426,29.0,2012
Cincinnati Reds,97,65,.599,--,2012
St. Louis Cardinals,88,74,.543,9.0,2012
Milwaukee Brewers,83,79,.512,14.0,2012
Pittsburgh Pirates,79,83,.488,18.0,2012
Chicago Cubs,61,101,.377,36.0,2012
Houston Astros,55,107,.340,42.0,2012
San Francisco Giants,94,68,.580,--,2012
Los Angeles Dodgers,86,76,.531,8.0,2012
Arizona Diamondbacks,81,81,.500,13.0,2012
San Diego Padres,76,86,.469,18.0,2012
Colorado Rockies,64,98,.395,30.0,2012
Boston Red Sox,97,65,.599,--,2013
Tampa Bay Rays,92,71,.564,5.5,2013
Baltimore Orioles,85,77,.525,12.0,2013
New York Yankees,85,77,.525,12.0,2013
Toronto Blue Jays,74,88,.457,23.0,2013
Detroit Tigers,93,69,.574,--,2013
Cleveland Indians,92,70,.568,1.0,2013
Kansas City Royals,86,76,.531,7.0,2013
Minnesota Twins,66,96,.407,27.0,2013
Chicago White Sox,63,99,.389,30.0,2013
Oakland Athletics,96,66,.593,--,2013
Texas Rangers,91,72,.558,5.5,2013
Los Angeles Angels of Anaheim,78,84,.481,18.0,2013
Seattle Mariners,71,91,.438,25.0,2013
Houston Astros,51,111,.315,45.0,2013
Atlanta Braves,96,66,.593,--,2013
Washington Nationals,86,76,.531,10.0,2013
New York Mets,74,88,.457,22.0,2013
Philadelphia Phillies,73,89,.451,23.0,2013
Miami Marlins,62,100,.383,34.0,2013
St. Louis Cardinals,97,65,.599,--,2013
Pittsburgh Pirates,94,68,.580,3.0,2013
Cincinnati Reds,90,72,.556,7.0,2013
Milwaukee Brewers,74,88,.457,23.0,2013
Chicago Cubs,66,96,.407,31.0,2013
Los Angeles Dodgers,92,70,.568,--,2013
Arizona Diamondbacks,81,81,.500,11.0,2013
San Diego Padres,76,86,.469,16.0,2013
San Francisco Giants,76,86,.469,16.0,2013
Colorado Rockies,74,88,.457,18.0,2013
Baltimore Orioles,96,66,.593,--,2014
New York Yankees,84,78,.519,12.0,2014
Toronto Blue Jays,83,79,.512,13.0,2014
Tampa Bay Rays,77,85,.475,19.0,2014
Boston Red Sox,71,91,.438,25.0,2014
Detroit Tigers,90,72,.556,--,2014
Kansas City Royals,89,73,.549,1.0,2014
Cleveland Indians,85,77,.525,5.0,2014
Chicago White Sox,73,89,.451,17.0,2014
Minnesota Twins,70,92,.432,20.0,2014
Los Angeles Angels of Anaheim,98,64,.605,--,2014
Oakland Athletics,88,74,.543,10.0,2014
Seattle Mariners,87,75,.537,11.0,2014
Houston Astros,70,92,.432,28.0,2014
Texas Rangers,67,95,.414,31.0,2014
Washington Nationals,96,66,.593,--,2014
Atlanta Braves,79,83,.488,17.0,2014
New York Mets,79,83,.488,17.0,2014
Miami Marlins,77,85,.475,19.0,2014
Philadelphia Phillies,73,89,.451,23.0,2014
St. Louis Cardinals,90,72,.556,--,2014
Pittsburgh Pirates,88,74,.543,2.0,2014
Milwaukee Brewers,82,80,.506,8.0,2014
Cincinnati Reds,76,86,.469,14.0,2014
Chicago Cubs,73,89,.451,17.0,2014
Los Angeles Dodgers,94,68,.580,--,2014
San Francisco Giants,88,74,.543,6.0,2014
San Diego Padres,77,85,.475,17.0,2014
Colorado Rockies,66,96,.407,28.0,2014
Arizona Diamondbacks,64,98,.395,30.0,2014
Toronto Blue Jays,93,69,.574,--,2015
New York Yankees,87,75,.537,6.0,2015
Baltimore Orioles,81,81,.500,12.0,2015
Tampa Bay Rays,80,82,.494,13.0,2015
Boston Red Sox,78,84,.481,15.0,2015
Kansas City Royals,95,67,.586,--,2015
Minnesota Twins,83,79,.512,12.0,2015
Cleveland Indians,81,80,.503,13.5,2015
Chicago White Sox,76,86,.469,19.0,2015
Detroit Tigers,74,87,.460,20.5,2015
Texas Rangers,88,74,.543,--,2015
Houston Astros,86,76,.531,2.0,2015
Los Angeles Angels of Anaheim,85,77,.525,3.0,2015
Seattle Mariners,76,86,.469,12.0,2015
Oakland Athletics,68,94,.420,20.0,2015
New York Mets,90,72,.556,--,2015
Washington Nationals,83,79,.512,7.0,2015
Miami Marlins,71,91,.438,19.0,2015
Atlanta Braves,67,95,.414,23.0,2015
Philadelphia Phillies,63,99,.389,27.0,2015
St. Louis Cardinals,100,62,.617,--,2015
Pittsburgh Pirates,98,64,.605,2.0,2015
Chicago Cubs,97,65,.599,3.0,2015
Milwaukee Brewers,68,94,.420,32.0,2015
Cincinnati Reds,64,98,.395,36.0,2015
Los Angeles Dodgers,92,70,.568,--,2015
San Francisco Giants,84,78,.519,8.0,2015
Arizona Diamondbacks,79,83,.488,13.0,2015
San Diego Padres,74,88,.457,18.0,2015
Colorado Rockies,68,94,.420,24.0,2015
Boston Red Sox,93,69,.574,--,2016
Baltimore Orioles,89,73,.549,4.0,2016
Toronto Blue Jays,89,73,.549,4.0,2016
New York Yankees,84,78,.519,9.0,2016
Tampa Bay Rays,68,94,.420,25.0,2016
Cleveland Indians,94,67,.584,--,2016
Detroit Tigers,86,75,.534,8.0,2016
Kansas City Royals,81,81,.500,13.5,2016
Chicago White Sox,78,84,.481,16.5,2016
Minnesota Twins,59,103,.364,35.5,2016
Texas Rangers,95,67,.586,--,2016
Seattle Mariners,86,76,.531,9.0,2016
Houston Astros,84,78,.519,11.0,2016
Los Angeles Angels,74,88,.457,21.0,2016
Oakland Athletics,69,93,.426,26.0,2016
Washington Nationals,95,67,.586,--,2016
New York Mets,87,75,.537,8.0,2016
Miami Marlins,79,82,.491,15.5,2016
Philadelphia Phillies,71,91,.438,24.0,2016
Atlanta Braves,68,93,.422,26.5,2016
Chicago Cubs,103,58,.640,--,2016
St. Louis Cardinals,86,76,.531,17.5,2016
Pittsburgh Pirates,78,83,.484,25.0,2016
Milwaukee Brewers,73,89,.451,30.5,2016
Cincinnati Reds,68,94,.420,35.5,2016
Los Angeles Dodgers,91,71,.562,--,2016
San Francisco Giants,87,75,.537,4.0,2016
Colorado Rockies,75,87,.463,16.0,2016
Arizona Diamondbacks,69,93,.426,22.0,2016
San Diego Padres,68,94,.420,23.0,2016
Boston Red Sox,93,69,.574,--,2017
New York Yankees,91,71,.562,2.0,2017
Tampa Bay Rays,80,82,.494,13.0,2017
Toronto Blue Jays,76,86,.469,17.0,2017
Baltimore Orioles,75,87,.463,18.0,2017
Cleveland Indians,102,60,.630,--,2017
Minnesota Twins,85,77,.525,17.0,2017
Kansas City Royals,80,82,.494,22.0,2017
Chicago White Sox,67,95,.414,35.0,2017
Detroit Tigers,64,98,.395,38.0,2017
Houston Astros,101,61,.623,--,2017
Los Angeles Angels,80,82,.494,21.0,2017
Seattle Mariners,78,84,.481,23.0,2017
Texas Rangers,78,84,.481,23.0,2017
Oakland Athletics,75,87,.463,26.0,2017
Washington Nationals,97,65,.599,--,2017
Miami Marlins,77,85,.475,20.0,2017
Atlanta Braves,72,90,.444,25.0,2017
New York Mets,70,92,.432,27.0,2017
Philadelphia Phillies,66,96,.407,31.0,2017
Chicago Cubs,92,70,.568,--,2017
Milwaukee Brewers,86,76,.531,6.0,2017
St. Louis Cardinals,83,79,.512,9.0,2017
Pittsburgh Pirates,75,87,.463,17.0,2017
Cincinnati Reds,68,94,.420,24.0,2017
Los Angeles Dodgers,104,58,.642,--,2017
Arizona Diamondbacks,93,69,.574,11.0,2017
Colorado Rockies,87,75,.537,17.0,2017
San Diego Padres,71,91,.438,33.0,2017
San Francisco Giants,64,98,.395,40.0,2017
Boston Red Sox,108,54,.667,--,2018
New York Yankees,100,62,.617,8.0,2018
Tampa Bay Rays,90,72,.556,18.0,2018
Toronto Blue Jays,73,89,.451,35.0,2018
Baltimore Orioles,47,115,.290,61.0,2018
Cleveland Indians,91,71,.562,--,2018
Minnesota Twins,78,84,.481,13.0,2018
Detroit Tigers,64,98,.395,27.0,2018
Chicago White Sox,62,100,.383,29.0,2018
Kansas City Royals,58,104,.358,33.0,2018
Houston Astros,103,59,.636,--,2018
Oakland Athletics,97,65,.599,6.0,2018
Seattle Mariners,89,73,.549,14.0,2018
Los Angeles Angels,80,82,.494,23.0,2018
Texas Rangers,67,95,.414,36.0,2018
Atlanta Braves,90,72,.556,--,2018
Washington Nationals,82,80,.506,8.0,2018
Philadelphia Phillies,80,82,.494,10.0,2018
New York Mets,77,85,.475,13.0,2018
Miami Marlins,63,98,.391,26.5,2018
Milwaukee Brewers,96,67,.589,--,2018
Chicago Cubs,95,68,.583,1.0,2018
St. Louis Cardinals,88,74,.543,7.5,2018
Pittsburgh Pirates,82,79,.509,13.0,2018
Cincinnati Reds,67,95,.414,28.5,2018
Los Angeles Dodgers,92,71,.564,--,2018
Colorado Rockies,91,72,.558,1.0,2018
Arizona Diamondbacks,82,80,.506,9.5,2018
San Francisco Giants,73,89,.451,18.5,2018
San Diego Padres,66,96,.407,25.5,2018
New York Yankees,103,59,.636,--,2019
Tampa Bay Rays,96,66,.593,7.0,2019
Boston Red Sox,84,78,.519,19.0,2019
Toronto Blue Jays,67,95,.414,36.0,2019
Baltimore Orioles,54,108,.333,49.0,2019
Minnesota Twins,101,61,.623,--,2019
Cleveland Indians,93,69,.574,8.0,2019
Chicago White Sox,72,89,.447,28.5,2019
Kansas City Royals,59,103,.364,42.0,2019
Detroit Tigers,47,114,.292,53.5,2019
Houston Astros,107,55,.660,--,2019
Oakland Athletics,97,65,.599,10.0,2019
Texas Rangers,78,84,.481,29.0,2019
Los Angeles Angels,72,90,.444,35.0,2019
Seattle Mariners,68,94,.420,39.0,2019
Atlanta Braves,97,65,.599,--,2019
Washington Nationals,93,69,.574,4.0,2019
New York Mets,86,76,.531,11.0,2019
Philadelphia Phillies,81,81,.500,16.0,2019
Miami Marlins,57,105,.352,40.0,2019
St. Louis Cardinals,91,71,.562,--,2019
Milwaukee Brewers,89,73,.549,2.0,2019
Chicago Cubs,84,78,.519,7.0,2019
Cincinnati Reds,75,87,.463,16.0,2019
Pittsburgh Pirates,69,93,.426,22.0,2019
Los Angeles Dodgers,106,56,.654,--,2019
Arizona Diamondbacks,85,77,.525,21.0,2019
San Francisco Giants,77,85,.475,29.0,2019
Colorado Rockies,71,91,.438,35.0,2019
San Diego Padres,70,92,.432,36.0,2019
Tampa Bay Rays,40,20,.667,--,2020
New York Yankees,33,27,.550,7.0,2020
Toronto Blue Jays,32,28,.533,8.0,2020
Baltimore Orioles,25,35,.417,15.0,2020
Boston Red Sox,24,36,.400,16.0,2020
Minnesota Twins,36,24,.600,--,2020
Cleveland Indians,35,25,.583,1.0,2020
Chicago White Sox,35,25,.583,1.0,2020
Kansas City Royals,26,34,.433,10.0,2020
Detroit Tigers,23,35,.397,12.0,2020
Oakland Athletics,36,24,.600,--,2020
Houston Astros,29,31,.483,7.0,2020
Seattle Mariners,27,33,.450,9.0,2020
Los Angeles Angels,26,34,.433,10.0,2020
Texas Rangers,22,38,.367,14.0,2020
Atlanta Braves,35,25,.583,--,2020
Miami Marlins,31,29,.517,4.0,2020
Philadelphia Phillies,28,32,.467,7.0,2020
New York Mets,26,34,.433,9.0,2020
Washington Nationals,26,34,.433,9.0,2020
Chicago Cubs,34,26,.567,--,2020
St. Louis Cardinals,30,28,.517,3.0,2020
Cincinnati Reds,31,29,.517,3.0,2020
Milwaukee Brewers,29,31,.483,5.0,2020
Pittsburgh Pirates,19,41,.317,15.0,2020
Los Angeles Dodgers,43,17,.717,--,2020
San Diego Padres,37,23,.617,6.0,2020
San Francisco Giants,29,31,.483,14.0,2020
Colorado Rockies,26,34,.433,17.0,2020
Arizona Diamondbacks,25,35,.417,18.0,2020
Tampa Bay Rays,100,62,.617,--,2021
Boston Red Sox,92,70,.568,8.0,2021
New York Yankees,92,70,.568,8.0,2021
Toronto Blue Jays,91,71,.562,9.0,2021
Baltimore Orioles,52,110,.321,48.0,2021
Chicago White Sox,93,69,.574,--,2021
Cleveland Indians,80,82,.494,13.0,2021
Detroit Tigers,77,85,.475,16.0,2021
Kansas City Royals,74,88,.457,19.0,2021
Minnesota Twins,73,89,.451,20.0,2021
Houston Astros,95,67,.586,--,2021
Seattle Mariners,90,72,.556,5.0,2021
Oakland Athletics,86,76,.531,9.0,2021
Los Angeles Angels,77,85,.475,18.0,2021
Texas Rangers,60,102,.370,35.0,2021
Atlanta Braves,88,73,.547,--,2021
Philadelphia Phillies,82,80,.506,6.5,2021
New York Mets,77,85,.475,11.5,2021
Miami Marlins,67,95,.414,21.5,2021
Washington Nationals,65,97,.401,23.5,2021
Milwaukee Brewers,95,67,.586,--,2021
St. Louis Cardinals,90,72,.556,5.0,2021
Cincinnati Reds,83,79,.512,12.0,2021
Chicago Cubs,71,91,.438,24.0,2021
Pittsburgh Pirates,61,101,.377,34.0,2021
San Francisco Giants,107,55,.660,--,2021
Los Angeles Dodgers,106,56,.654,1.0,2021
San Diego Padres,79,83,.488,28.0,2021
Colorado Rockies,74,87,.460,32.5,2021
Arizona Diamondbacks,52,110,.321,55.0,2021
New York Yankees,99,63,.611,--,2022
Toronto Blue Jays,92,70,.568,7.0,2022
Tampa Bay Rays,86,76,.531,13.0,2022
Baltimore Orioles,83,79,.512,16.0,2022
Boston Red Sox,78,84,.481,21.0,2022
Cleveland Guardians,92,70,.568,--,2022
Chicago White Sox,81,81,.500,11.0,2022
Minnesota Twins,78,84,.481,14.0,2022
Detroit Tigers,66,96,.407,26.0,2022
Kansas City Royals,65,97,.401,27.0,2022
Houston Astros,106,56,.654,--,2022
Seattle Mariners,90,72,.556,16.0,2022
Los Angeles Angels,73,89,.451,33.0,2022
Texas Rangers,68,94,.420,38.0,2022
Oakland Athletics,60,102,.370,46.0,2022
Atlanta Braves,101,61,.623,--,2022
New York Mets,101,61,.623,--,2022
Philadelphia Phillies,87,75,.537,14.0,2022
Miami Marlins,69,93,.426,32.0,2022
Washington Nationals,55,107,.340,46.0,2022
St. Louis Cardinals,93,69,.574,--,2022
Milwaukee Brewers,86,76,.531,7.0,2022
Chicago Cubs,74,88,.457,19.0,2022
Cincinnati Reds,62,100,.383,31.0,2022
Pittsburgh Pirates,62,100,.383,31.0,2022
Los Angeles Dodgers,111,51,.685,--,2022
San Diego Padres,89,73,.549,22.0,2022
San Francisco Giants,81,81,.500,30.0,2022
Arizona Diamondbacks,74,88,.457,37.0,2022
Colorado Rockies,68,94,.420,43.0,2022
Baltimore Orioles,101,61,.623,--,2023
Tampa Bay Rays,99,63,.611,2.0,2023
Toronto Blue Jays,89,73,.549,12.0,2023
New York Yankees,82,80,.506,19.0,2023
Boston Red Sox,78,84,.481,23.0,2023
Minnesota Twins,87,75,.537,--,2023
Detroit Tigers,78,84,.481,9.0,2023
Cleveland Guardians,76,86,.469,11.0,2023
Chicago White Sox,61,101,.377,26.0,2023
Kansas City Royals,56,106,.346,31.0,2023
Houston Astros,90,72,.556,--,2023
Texas Rangers,90,72,.556,--,2023
Seattle Mariners,88,74,.543,2.0,2023
Los Angeles Angels,73,89,.451,17.0,2023
Oakland Athletics,50,112,.309,40.0,2023
Atlanta Braves,104,58,.642,--,2023
Philadelphia Phillies,90,72,.556,14.0,2023
Miami Marlins,84,78,.519,20.0,2023
New York Mets,75,87,.463,29.0,2023
Washington Nationals,71,91,.438,33.0,2023
Milwaukee Brewers,92,70,.568,--,2023
Chicago Cubs,83,79,.512,9.0,2023
Cincinnati Reds,82,80,.506,10.0,2023
Pittsburgh Pirates,76,86,.469,16.0,2023
St. Louis Cardinals,71,91,.438,21.0,2023
Los Angeles Dodgers,100,62,.617,--,2023
Arizona Diamondbacks,84,78,.519,16.0,2023
San Diego Padres,82,80,.506,18.0,2023
San Francisco Giants,79,83,.488,21.0,2023
Colorado Rockies,59,103,.364,41.0,2023
New York Yankees,94,68,.580,--,2024
Baltimore Orioles,91,71,.562,3.0,2024
Boston Red Sox,81,81,.500,13.0,2024
Tampa Bay Rays,80,82,.494,14.0,2024
Toronto Blue Jays,74,88,.457,20.0,2024
Cleveland Guardians,92,69,.571,--,2024
Kansas City Royals,86,76,.531,6.5,2024
Detroit Tigers,86,76,.531,6.5,2024
Minnesota Twins,82,80,.506,10.5,2024
Chicago White Sox,41,121,.253,51.5,2024
Houston Astros,88,73,.547,--,2024
Seattle Mariners,85,77,.525,3.5,2024
Texas Rangers,78,84,.481,10.5,2024
Oakland Athletics,69,93,.426,19.5,2024
Los Angeles Angels,63,99,.389,25.5,2024
Philadelphia Phillies,95,67,.586,--,2024
Atlanta Braves,89,73,.549,6.0,2024
New York Mets,89,73,.549,6.0,2024
Washington Nationals,71,91,.438,24.0,2024
Miami Marlins,62,100,.383,33.0,2024
Milwaukee Brewers,93,69,.574,--,2024
Chicago Cubs,83,79,.512,10.0,2024
St. Louis Cardinals,83,79,.512,10.0,2024
Cincinnati Reds,77,85,.475,16.0,2024
Pittsburgh Pirates,76,86,.469,17.0,2024
Los Angeles Dodgers,98,64,.605,--,2024
San Diego Padres,93,69,.574,5.0,2024
Arizona Diamondbacks,89,73,.549,9.0,2024
San Francisco Giants,80,82,.494,18.0,2024
Colorado Rockies,61,101,.377,37.0,2024
